gene,MB095,MB106,MB170,MB226,seqname,start,end,strand,gene_id
TSPAN6,1604.586519,1360.387931,3453.889243,1668.121774,chrX,100627108,100639991,-,ENSG00000000003.15
TNMD,5.938514135,0,6.130127966,0,chrX,100584936,100599885,+,ENSG00000000005.6
DPM1,1340.916492,2214.562145,1980.031333,2363.08503,chr20,50934867,50959140,-,ENSG00000000419.14